state_name,district_name,market_center_name,Variety,group_name,Arrival,MIN,MAX,MODAL,date_arrival
Maharashtra,Nashik,Lasalgaon,Red,Vegetables,3236,1100,3200,2875,29-Dec-17
Maharashtra,Nashik,Lasalgaon,Red,Vegetables,2601,1500,3051,2880,28-Dec-17
Maharashtra,Nashik,Lasalgaon,Red,Vegetables,2669,1051,3115,2800,27-Dec-17
Maharashtra,Nashik,Lasalgaon,Red,Vegetables,2869,1101,3000,2701,26-Dec-17
Maharashtra,Nashik,Lasalgaon,Red,Vegetables,2838,1000,2913,2580,25-Dec-17
Maharashtra,Nashik,Lasalgaon,Red,Vegetables,3664,1500,2900,2650,22-Dec-17
Maharashtra,Nashik,Lasalgaon,Red,Vegetables,3314,1000,3025,2700,21-Dec-17
Maharashtra,Nashik,Lasalgaon,Red,Vegetables,3440,1501,3000,2701,20-Dec-17
Maharashtra,Nashik,Lasalgaon,Red,Vegetables,3221,1201,3177,2751,19-Dec-17
Maharashtra,Nashik,Lasalgaon,Red,Vegetables,3487,900,3420,2851,15-Dec-17
Maharashtra,Nashik,Lasalgaon,Red,Vegetables,2381,1401,3699,3000,14-Dec-17
Maharashtra,Nashik,Lasalgaon,Red,Vegetables,2178,1100,3801,3251,13-Dec-17
Maharashtra,Nashik,Lasalgaon,Red,Vegetables,2529,1000,3801,3400,12-Dec-17
Maharashtra,Nashik,Lasalgaon,Red,Vegetables,2162,1400,3700,3351,11-Dec-17
Maharashtra,Nashik,Lasalgaon,Red,Vegetables,2661,851,3750,3001,08-Dec-17
Maharashtra,Nashik,Lasalgaon,Red,Vegetables,2010,900,3701,2900,07-Dec-17
Maharashtra,Nashik,Lasalgaon,Red,Vegetables,1784,951,4012,2871,06-Dec-17
Maharashtra,Nashik,Lasalgaon,Red,Vegetables,1979,1000,3446,3150,05-Dec-17
Maharashtra,Nashik,Lasalgaon,Red,Vegetables,2312,901,3100,2500,04-Dec-17
Maharashtra,Nashik,Lasalgaon,Red,Vegetables,2204,1000,3470,2500,01-Dec-17
Maharashtra,Nashik,Lasalgaon,Red,Vegetables,9,952,3370,2450,30-Nov-17
Maharashtra,Nashik,Lasalgaon,Red,Vegetables,4,1001,3441,2651,29-Nov-17
Maharashtra,Nashik,Lasalgaon,Red,Vegetables,7,1500,3715,2712,28-Nov-17
Maharashtra,Nashik,Lasalgaon,Red,Vegetables,10,1000,3880,3501,27-Nov-17
Maharashtra,Nashik,Lasalgaon,Red,Vegetables,35,1800,3876,3651,25-Nov-17
Maharashtra,Nashik,Lasalgaon,Red,Vegetables,1000,1000,3830,3150,24-Nov-17
Maharashtra,Nashik,Lasalgaon,Red,Vegetables,30,1800,3901,3501,23-Nov-17
Maharashtra,Nashik,Lasalgaon,Red,Vegetables,800,1700,3940,3200,22-Nov-17
Maharashtra,Nashik,Lasalgaon,Red,Vegetables,24,900,3626,3150,21-Nov-17
Maharashtra,Nashik,Lasalgaon,Red,Vegetables,47,1500,3500,3000,20-Nov-17
Maharashtra,Nashik,Lasalgaon,Red,Vegetables,223,1501,3550,3150,17-Nov-17
Maharashtra,Nashik,Lasalgaon,Red,Vegetables,223,1501,3570,3150,16-Nov-17
Maharashtra,Nashik,Lasalgaon,Red,Vegetables,314,1832,3578,3250,15-Nov-17
Maharashtra,Nashik,Lasalgaon,Red,Vegetables,356,1255,3412,2500,14-Nov-17
Maharashtra,Nashik,Lasalgaon,Red,Vegetables,587,871,3202,2561,13-Nov-17
Maharashtra,Nashik,Lasalgaon,Red,Vegetables,881,900,3400,2425,10-Nov-17
Maharashtra,Nashik,Lasalgaon,Red,Vegetables,341,800,3475,2509,09-Nov-17
Maharashtra,Nashik,Lasalgaon,Red,Vegetables,292,1200,3343,2601,08-Nov-17
Maharashtra,Nashik,Lasalgaon,Red,Vegetables,348,901,3501,2660,07-Nov-17
Maharashtra,Nashik,Lasalgaon,Red,Vegetables,300,1300,3440,2470,06-Nov-17
Maharashtra,Nashik,Lasalgaon,Red,Vegetables,987,952,3301,2601,02-Nov-17
Maharashtra,Nashik,Lasalgaon,Red,Vegetables,1120,801,2901,2250,01-Nov-17
Maharashtra,Nashik,Lasalgaon,Red,Vegetables,228,700,2899,2126,31-Oct-17
Maharashtra,Nashik,Lasalgaon,Red,Vegetables,185,911,2670,2112,30-Oct-17
Maharashtra,Nashik,Lasalgaon,Red,Vegetables,143,852,2652,1654,27-Oct-17
Maharashtra,Nashik,Lasalgaon,Red,Vegetables,112,700,2735,1811,26-Oct-17
Maharashtra,Nashik,Lasalgaon,Red,Vegetables,173,601,2700,2000,25-Oct-17
Maharashtra,Nashik,Lasalgaon,Red,Vegetables,187,800,2801,2200,24-Oct-17
Maharashtra,Nashik,Lasalgaon,Red,Vegetables,193,1100,3053,2250,23-Oct-17
Maharashtra,Nashik,Lasalgaon,Red,Vegetables,4,1402,1641,1560,16-Oct-17
Maharashtra,Nashik,Lasalgaon,Red,Vegetables,3,2260,2351,2351,12-Oct-17
Maharashtra,Nashik,Lasalgaon,Red,Vegetables,2068,201,676,541,03-Jul-17
Maharashtra,Nashik,Lasalgaon,Red,Vegetables,2625,300,400,380,18-Apr-17
Maharashtra,Nashik,Lasalgaon,Red,Vegetables,20,325,461,430,17-Apr-17
Maharashtra,Nashik,Lasalgaon,Red,Vegetables,42,225,500,350,13-Apr-17
Maharashtra,Nashik,Lasalgaon,Red,Vegetables,51,300,528,460,12-Apr-17
Maharashtra,Nashik,Lasalgaon,Red,Vegetables,78,200,473,430,11-Apr-17
Maharashtra,Nashik,Lasalgaon,Red,Vegetables,94,250,471,375,10-Apr-17
Maharashtra,Nashik,Lasalgaon,Red,Vegetables,1884,250,593,425,07-Apr-17
Maharashtra,Nashik,Lasalgaon,Red,Vegetables,1419,250,570,430,06-Apr-17
Maharashtra,Nashik,Lasalgaon,Red,Vegetables,363,350,551,400,05-Apr-17
Maharashtra,Nashik,Lasalgaon,Red,Vegetables,1659,300,541,411,03-Apr-17
Maharashtra,Nashik,Lasalgaon,Red,Vegetables,1359,300,631,530,25-Mar-17
Maharashtra,Nashik,Lasalgaon,Red,Vegetables,1119,350,620,491,23-Mar-17
Maharashtra,Nashik,Lasalgaon,Red,Vegetables,1009,300,622,510,22-Mar-17
Maharashtra,Nashik,Lasalgaon,Red,Vegetables,886,300,640,525,21-Mar-17
Maharashtra,Nashik,Lasalgaon,Red,Vegetables,671,350,630,525,20-Mar-17
Maharashtra,Nashik,Lasalgaon,Red,Vegetables,327,350,635,500,16-Mar-17
Maharashtra,Nashik,Lasalgaon,Red,Vegetables,190,350,618,500,15-Mar-17
Maharashtra,Nashik,Lasalgaon,Red,Vegetables,204,300,587,480,14-Mar-17
Maharashtra,Nashik,Lasalgaon,Red,Vegetables,110,300,590,465,10-Mar-17
Maharashtra,Nashik,Lasalgaon,Red,Vegetables,101,350,609,475,09-Mar-17
Maharashtra,Nashik,Lasalgaon,Red,Vegetables,117,300,640,480,08-Mar-17
Maharashtra,Nashik,Lasalgaon,Red,Vegetables,84,300,650,480,07-Mar-17
Maharashtra,Nashik,Lasalgaon,Red,Vegetables,52,350,620,510,06-Mar-17
Maharashtra,Nashik,Lasalgaon,Red,Vegetables,3893,190,626,510,03-Mar-17
Maharashtra,Nashik,Lasalgaon,Red,Vegetables,2903,151,624,540,02-Mar-17
Maharashtra,Nashik,Lasalgaon,Red,Vegetables,1600,151,615,491,01-Mar-17
Maharashtra,Nashik,Lasalgaon,Red,Vegetables,3396,151,673,525,28-Feb-17
Maharashtra,Nashik,Lasalgaon,Red,Vegetables,3561,151,635,520,27-Feb-17
Maharashtra,Nashik,Lasalgaon,Red,Vegetables,4126,145,686,500,23-Feb-17
Maharashtra,Nashik,Lasalgaon,Red,Vegetables,3644,131,712,481,22-Feb-17
Maharashtra,Nashik,Lasalgaon,Red,Vegetables,4367,101,651,490,17-Feb-17
Maharashtra,Nashik,Lasalgaon,Red,Vegetables,2817,151,691,450,16-Feb-17
Maharashtra,Nashik,Lasalgaon,Red,Vegetables,3146,101,674,500,15-Feb-17
Maharashtra,Nashik,Lasalgaon,Red,Vegetables,2736,101,731,450,14-Feb-17
Maharashtra,Nashik,Lasalgaon,Red,Vegetables,2398,101,676,480,13-Feb-17
Maharashtra,Nashik,Lasalgaon,Red,Vegetables,4370,151,700,481,10-Feb-17
Maharashtra,Nashik,Lasalgaon,Red,Vegetables,3060,151,671,470,09-Feb-17
Maharashtra,Nashik,Lasalgaon,Red,Vegetables,3327,151,686,500,08-Feb-17
Maharashtra,Nashik,Lasalgaon,Red,Vegetables,3381,151,699,480,07-Feb-17
Maharashtra,Nashik,Lasalgaon,Red,Vegetables,3344,115,651,471,06-Feb-17
Maharashtra,Nashik,Lasalgaon,Red,Vegetables,4370,151,651,460,03-Feb-17
Maharashtra,Nashik,Lasalgaon,Red,Vegetables,2683,150,701,500,02-Feb-17
Maharashtra,Nashik,Lasalgaon,Red,Vegetables,3166,130,686,470,01-Feb-17
Maharashtra,Nashik,Lasalgaon,Red,Vegetables,3803,111,741,551,30-Jan-17
Maharashtra,Nashik,Lasalgaon,Red,Vegetables,3957,131,732,570,25-Jan-17
Maharashtra,Nashik,Lasalgaon,Red,Vegetables,2677,200,706,580,19-Jan-17
Maharashtra,Nashik,Lasalgaon,Red,Vegetables,2631,211,718,620,18-Jan-17
Maharashtra,Nashik,Lasalgaon,Red,Vegetables,3040,300,711,575,17-Jan-17
Maharashtra,Nashik,Lasalgaon,Red,Vegetables,3355,154,651,561,16-Jan-17
Maharashtra,Nashik,Lasalgaon,Red,Vegetables,3641,171,726,585,13-Jan-17
Maharashtra,Nashik,Lasalgaon,Red,Vegetables,2678,190,710,575,12-Jan-17
Maharashtra,Nashik,Lasalgaon,Red,Vegetables,2881,204,700,575,11-Jan-17
Maharashtra,Nashik,Lasalgaon,Red,Vegetables,2814,180,740,630,10-Jan-17
Maharashtra,Nashik,Lasalgaon,Red,Vegetables,2738,240,787,641,09-Jan-17
Maharashtra,Nashik,Lasalgaon,Red,Vegetables,3392,210,771,675,06-Jan-17
Maharashtra,Nashik,Lasalgaon,Red,Vegetables,2744,360,799,700,05-Jan-17
Maharashtra,Nashik,Lasalgaon,Red,Vegetables,2707,220,811,711,04-Jan-17
Maharashtra,Nashik,Lasalgaon,Red,Vegetables,2831,101,814,725,03-Jan-17
Maharashtra,Nashik,Lasalgaon,Red,Vegetables,2909,101,781,690,02-Jan-17
Maharashtra,Nashik,Lasalgaon,Red,Vegetables,230,301,1000,935,31-Dec-18
Maharashtra,Nashik,Lasalgaon,Red,Vegetables,50,381,922,810,29-Dec-18
Maharashtra,Nashik,Lasalgaon,Red,Vegetables,230,281,768,680,28-Dec-18
Maharashtra,Nashik,Lasalgaon,Red,Vegetables,286,301,776,680,27-Dec-18
Maharashtra,Nashik,Lasalgaon,Red,Vegetables,390,301,756,590,26-Dec-18
Maharashtra,Nashik,Lasalgaon,Red,Vegetables,523,301,768,601,24-Dec-18
Maharashtra,Nashik,Lasalgaon,Red,Vegetables,1833,351,825,651,21-Dec-18
Maharashtra,Nashik,Lasalgaon,Red,Vegetables,180,350,923,700,20-Dec-18
Maharashtra,Nashik,Lasalgaon,Red,Vegetables,403,401,1081,701,19-Dec-18
Maharashtra,Nashik,Lasalgaon,Red,Vegetables,435,351,1115,701,18-Dec-18
Maharashtra,Nashik,Lasalgaon,Red,Vegetables,591,300,1052,780,17-Dec-18
Maharashtra,Nashik,Lasalgaon,Red,Vegetables,130,300,1170,770,15-Dec-18
Maharashtra,Nashik,Lasalgaon,Red,Vegetables,603,401,1299,801,14-Dec-18
Maharashtra,Nashik,Lasalgaon,Red,Vegetables,587,200,1200,741,13-Dec-18
Maharashtra,Nashik,Lasalgaon,Red,Vegetables,660,401,1130,801,12-Dec-18
Maharashtra,Nashik,Lasalgaon,Red,Vegetables,627,400,1200,801,11-Dec-18
Maharashtra,Nashik,Lasalgaon,Red,Vegetables,724,401,1056,801,10-Dec-18
Maharashtra,Nashik,Lasalgaon,Red,Vegetables,723,401,1251,901,08-Dec-18
Maharashtra,Nashik,Lasalgaon,Red,Vegetables,633,401,1278,851,05-Dec-18
Maharashtra,Nashik,Lasalgaon,Red,Vegetables,653,401,1292,901,04-Dec-18
Maharashtra,Nashik,Lasalgaon,Red,Vegetables,794,300,1401,1001,03-Dec-18
Maharashtra,Nashik,Lasalgaon,Red,Vegetables,95,300,1372,1151,01-Dec-18
Maharashtra,Nashik,Lasalgaon,Red,Vegetables,850,351,1370,1030,30-Nov-18
Maharashtra,Nashik,Lasalgaon,Red,Vegetables,711,401,1470,1101,29-Nov-18
Maharashtra,Nashik,Lasalgaon,Red,Vegetables,812,401,1540,1051,28-Nov-18
Maharashtra,Nashik,Lasalgaon,Red,Vegetables,635,551,1421,1120,26-Nov-18
Maharashtra,Nashik,Lasalgaon,Red,Vegetables,1561,340,1331,1000,23-Nov-18
Maharashtra,Nashik,Lasalgaon,Red,Vegetables,320,301,1480,1200,20-Nov-18
Maharashtra,Nashik,Lasalgaon,Red,Vegetables,381,301,1300,1060,19-Nov-18
Maharashtra,Nashik,Lasalgaon,Red,Vegetables,255,400,1725,1151,16-Nov-18
Maharashtra,Nashik,Lasalgaon,Red,Vegetables,160,600,2018,1700,15-Nov-18
Maharashtra,Nashik,Lasalgaon,Red,Vegetables,92,501,2101,1801,14-Nov-18
Maharashtra,Nashik,Lasalgaon,Red,Vegetables,69,541,2052,1900,13-Nov-18
Maharashtra,Nashik,Lasalgaon,Red,Vegetables,51,580,1800,1551,12-Nov-18
Maharashtra,Nashik,Lasalgaon,Red,Vegetables,26,800,1860,1671,01-Nov-18
Maharashtra,Nashik,Lasalgaon,Red,Vegetables,14,700,1731,1525,31-Oct-18
Maharashtra,Nashik,Lasalgaon,Red,Vegetables,15,675,1686,1426,30-Oct-18
Maharashtra,Nashik,Lasalgaon,Red,Vegetables,10,686,1881,1580,29-Oct-18
Maharashtra,Nashik,Lasalgaon,Red,Vegetables,18,301,1401,1001,22-Oct-18
Maharashtra,Nashik,Lasalgaon,Red,Vegetables,4,1420,1645,1431,19-Oct-18
Maharashtra,Nashik,Lasalgaon,Red,Vegetables,26,351,680,515,10-Apr-18
Maharashtra,Nashik,Lasalgaon,Red,Vegetables,32,451,697,580,09-Apr-18
Maharashtra,Nashik,Lasalgaon,Red,Vegetables,1500,400,702,620,06-Apr-18
Maharashtra,Nashik,Lasalgaon,Red,Vegetables,1134,500,750,680,05-Apr-18
Maharashtra,Nashik,Lasalgaon,Red,Vegetables,72,431,701,625,04-Apr-18
Maharashtra,Nashik,Lasalgaon,Red,Vegetables,169,400,847,725,26-Mar-18
Maharashtra,Nashik,Lasalgaon,Red,Vegetables,157,611,880,840,23-Mar-18
Maharashtra,Nashik,Lasalgaon,Red,Vegetables,173,281,871,761,22-Mar-18
Maharashtra,Nashik,Lasalgaon,Red,Vegetables,1517,551,823,700,21-Mar-18
Maharashtra,Nashik,Lasalgaon,Red,Vegetables,241,551,771,700,20-Mar-18
Maharashtra,Nashik,Lasalgaon,Red,Vegetables,247,400,765,670,19-Mar-18
Maharashtra,Nashik,Lasalgaon,Red,Vegetables,342,470,800,700,16-Mar-18
Maharashtra,Nashik,Lasalgaon,Red,Vegetables,384,400,928,751,15-Mar-18
Maharashtra,Nashik,Lasalgaon,Red,Vegetables,330,400,848,740,14-Mar-18
Maharashtra,Nashik,Lasalgaon,Red,Vegetables,762,500,800,740,13-Mar-18
Maharashtra,Nashik,Lasalgaon,Red,Vegetables,726,400,899,740,12-Mar-18
Maharashtra,Nashik,Lasalgaon,Red,Vegetables,731,500,1000,880,10-Mar-18
Maharashtra,Nashik,Lasalgaon,Red,Vegetables,300,400,1000,800,09-Mar-18
Maharashtra,Nashik,Lasalgaon,Red,Vegetables,569,500,1071,880,08-Mar-18
Maharashtra,Nashik,Lasalgaon,Red,Vegetables,577,600,1111,920,07-Mar-18
Maharashtra,Nashik,Lasalgaon,Red,Vegetables,610,700,1200,1050,05-Mar-18
Maharashtra,Nashik,Lasalgaon,Red,Vegetables,2182,851,1252,1060,28-Feb-18
Maharashtra,Nashik,Lasalgaon,Red,Vegetables,463,800,1195,1051,27-Feb-18
Maharashtra,Nashik,Lasalgaon,Red,Vegetables,441,900,1372,1125,26-Feb-18
Maharashtra,Nashik,Lasalgaon,Red,Vegetables,296,1000,1690,1470,23-Feb-18
Maharashtra,Nashik,Lasalgaon,Red,Vegetables,364,900,1642,1450,22-Feb-18
Maharashtra,Nashik,Lasalgaon,Red,Vegetables,1778,1161,1800,1741,21-Feb-18
Maharashtra,Nashik,Lasalgaon,Red,Vegetables,1865,1000,1790,1680,20-Feb-18
Maharashtra,Nashik,Lasalgaon,Red,Vegetables,132,911,1901,1550,19-Feb-18
Maharashtra,Nashik,Lasalgaon,Red,Vegetables,210,1100,1825,1550,16-Feb-18
Maharashtra,Nashik,Lasalgaon,Red,Vegetables,2594,900,1931,1790,14-Feb-18
Maharashtra,Nashik,Lasalgaon,Red,Vegetables,2411,1200,2035,1880,12-Feb-18
Maharashtra,Nashik,Lasalgaon,Red,Vegetables,1691,1000,2100,1901,09-Feb-18
Maharashtra,Nashik,Lasalgaon,Red,Vegetables,1463,1100,1951,1760,08-Feb-18
Maharashtra,Nashik,Lasalgaon,Red,Vegetables,1899,801,2120,1751,07-Feb-18
Maharashtra,Nashik,Lasalgaon,Red,Vegetables,1201,851,2607,2361,06-Feb-18
Maharashtra,Nashik,Lasalgaon,Red,Vegetables,1028,901,2536,2451,05-Feb-18
Maharashtra,Nashik,Lasalgaon,Red,Vegetables,2097,700,1740,1451,04-Feb-18
Maharashtra,Nashik,Lasalgaon,Red,Vegetables,2140,901,1905,1601,31-Jan-18
Maharashtra,Nashik,Lasalgaon,Red,Vegetables,1952,900,2400,1951,29-Jan-18
Maharashtra,Nashik,Lasalgaon,Red,Vegetables,2060,1100,3001,2701,25-Jan-18
Maharashtra,Nashik,Lasalgaon,Red,Vegetables,1687,1401,3045,2800,24-Jan-18
Maharashtra,Nashik,Lasalgaon,Red,Vegetables,1717,1500,3152,2851,23-Jan-18
Maharashtra,Nashik,Lasalgaon,Red,Vegetables,2269,1501,3102,2880,22-Jan-18
Maharashtra,Nashik,Lasalgaon,Red,Vegetables,2443,1500,3134,2851,19-Jan-18
Maharashtra,Nashik,Lasalgaon,Red,Vegetables,1949,1000,3100,2830,18-Jan-18
Maharashtra,Nashik,Lasalgaon,Red,Vegetables,2154,1100,3100,2850,17-Jan-18
Maharashtra,Nashik,Lasalgaon,Red,Vegetables,2166,1500,3153,2880,15-Jan-18
Maharashtra,Nashik,Lasalgaon,Red,Vegetables,1000,1500,3171,2850,12-Jan-18
Maharashtra,Nashik,Lasalgaon,Red,Vegetables,2119,1100,3190,2851,11-Jan-18
Maharashtra,Nashik,Lasalgaon,Red,Vegetables,2104,1500,3201,2750,10-Jan-18
Maharashtra,Nashik,Lasalgaon,Red,Vegetables,2215,1500,3463,2900,09-Jan-18
Maharashtra,Nashik,Lasalgaon,Red,Vegetables,2369,1800,3561,3100,08-Jan-18
Maharashtra,Nashik,Lasalgaon,Red,Vegetables,2735,1500,3800,3540,05-Jan-18
Maharashtra,Nashik,Lasalgaon,Red,Vegetables,2049,1000,3655,3380,04-Jan-18
Maharashtra,Nashik,Lasalgaon,Red,Vegetables,1999,1200,3500,3180,03-Jan-18
Maharashtra,Nashik,Lasalgaon,Red,Vegetables,2578,1001,3396,3180,02-Jan-18
Maharashtra,Nashik,Lasalgaon,Red,Vegetables,2615,1501,3343,3151,01-Jan-18
Maharashtra,Nashik,Lasalgaon,Red,Vegetables,1862,1501,5211,4201,31-Dec-19
Maharashtra,Nashik,Lasalgaon,Red,Vegetables,2079,1500,5761,4500,30-Dec-19
Maharashtra,Nashik,Lasalgaon,Red,Vegetables,2211,3000,7901,6900,27-Dec-19
Maharashtra,Nashik,Lasalgaon,Red,Vegetables,1678,2000,8082,6701,25-Dec-19
Maharashtra,Nashik,Lasalgaon,Red,Vegetables,2079,2000,8100,6501,24-Dec-19
Maharashtra,Nashik,Lasalgaon,Red,Vegetables,1227,2101,8301,6701,23-Dec-19
Maharashtra,Nashik,Lasalgaon,Red,Vegetables,550,1500,7401,5500,21-Dec-19
Maharashtra,Nashik,Lasalgaon,Red,Vegetables,1396,1500,8001,5200,20-Dec-19
Maharashtra,Nashik,Lasalgaon,Red,Vegetables,1054,2000,9652,7000,19-Dec-19
Maharashtra,Nashik,Lasalgaon,Red,Vegetables,645,2000,10751,7100,18-Dec-19
Maharashtra,Nashik,Lasalgaon,Red,Vegetables,1243,3001,11111,8200,17-Dec-19
Maharashtra,Nashik,Lasalgaon,Red,Vegetables,1112,2000,10099,8625,16-Dec-19
Maharashtra,Nashik,Lasalgaon,Red,Vegetables,1215,2000,8900,7300,13-Dec-19
Maharashtra,Nashik,Lasalgaon,Red,Vegetables,821,2401,8001,6601,12-Dec-19
Maharashtra,Nashik,Lasalgaon,Red,Vegetables,732,2101,7500,6201,11-Dec-19
Maharashtra,Nashik,Lasalgaon,Red,Vegetables,920,2000,7800,5401,10-Dec-19
Maharashtra,Nashik,Lasalgaon,Red,Vegetables,980,2000,6800,4701,09-Dec-19
Maharashtra,Nashik,Lasalgaon,Red,Vegetables,185,2400,8700,7100,07-Dec-19
Maharashtra,Nashik,Lasalgaon,Red,Vegetables,576,2500,10064,6801,06-Dec-19
Maharashtra,Nashik,Lasalgaon,Red,Vegetables,526,2001,10012,7001,05-Dec-19
Maharashtra,Nashik,Lasalgaon,Red,Vegetables,430,2500,9352,5025,04-Dec-19
Maharashtra,Nashik,Lasalgaon,Red,Vegetables,460,2500,8991,7501,03-Dec-19
Maharashtra,Nashik,Lasalgaon,Red,Vegetables,407,2000,8401,6501,02-Dec-19
Maharashtra,Nashik,Lasalgaon,Red,Vegetables,3,1800,6565,5001,01-Dec-19
Maharashtra,Nashik,Lasalgaon,Red,Vegetables,25,2021,6525,5701,30-Nov-19
Maharashtra,Nashik,Lasalgaon,Red,Vegetables,150,1600,6226,4551,29-Nov-19
Maharashtra,Nashik,Lasalgaon,Red,Vegetables,21,1800,6353,4651,28-Nov-19
Maharashtra,Nashik,Lasalgaon,Red,Vegetables,38,2000,6356,5051,27-Nov-19
Maharashtra,Nashik,Lasalgaon,Red,Vegetables,34,2000,6162,5001,25-Nov-19
Maharashtra,Nashik,Lasalgaon,Red,Vegetables,62,1801,6165,5401,22-Nov-19
Maharashtra,Nashik,Lasalgaon,Red,Vegetables,31,1801,5961,5500,21-Nov-19
Maharashtra,Nashik,Lasalgaon,Red,Vegetables,66,2581,5500,5100,20-Nov-19
Maharashtra,Nashik,Lasalgaon,Red,Vegetables,59,1601,4900,4000,19-Nov-19
Maharashtra,Nashik,Lasalgaon,Red,Vegetables,75,1851,4850,4000,18-Nov-19
Maharashtra,Nashik,Lasalgaon,Red,Vegetables,19,1952,3939,3000,16-Nov-19
Maharashtra,Nashik,Lasalgaon,Red,Vegetables,50,1414,4302,3511,15-Nov-19
Maharashtra,Nashik,Lasalgaon,Red,Vegetables,33,1501,4112,2701,14-Nov-19
Maharashtra,Nashik,Lasalgaon,Red,Vegetables,44,1200,3701,2501,13-Nov-19
Maharashtra,Nashik,Lasalgaon,Red,Vegetables,15,1800,3840,3000,11-Nov-19
Maharashtra,Nashik,Lasalgaon,Red,Vegetables,19,1952,3939,3000,09-Nov-19
Maharashtra,Nashik,Lasalgaon,Red,Vegetables,21,1300,3939,2500,07-Nov-19
Maharashtra,Nashik,Lasalgaon,Red,Vegetables,15,1100,3601,3000,06-Nov-19
Maharashtra,Nashik,Lasalgaon,Red,Vegetables,12,2241,3811,3101,05-Nov-19
Maharashtra,Nashik,Lasalgaon,Red,Vegetables,137,3805,3805,3805,07-Oct-19
Maharashtra,Nashik,Lasalgaon,Red,Vegetables,1881,600,1398,1210,25-Jul-19
Maharashtra,Nashik,Lasalgaon,Red,Vegetables,2353,701,1381,1251,17-Jul-19
Maharashtra,Nashik,Lasalgaon,Red,Vegetables,416,711,1435,1285,06-Jul-19
Maharashtra,Nashik,Lasalgaon,Red,Vegetables,46,400,875,551,11-Apr-19
Maharashtra,Nashik,Lasalgaon,Red,Vegetables,52,300,640,551,10-Apr-19
Maharashtra,Nashik,Lasalgaon,Red,Vegetables,1605,300,660,501,09-Apr-19
Maharashtra,Nashik,Lasalgaon,Red,Vegetables,92,300,701,570,08-Apr-19
Maharashtra,Nashik,Lasalgaon,Red,Vegetables,232,301,700,501,04-Apr-19
Maharashtra,Nashik,Lasalgaon,Red,Vegetables,1299,300,709,501,03-Apr-19
Maharashtra,Nashik,Lasalgaon,Red,Vegetables,197,300,721,550,02-Apr-19
Maharashtra,Nashik,Lasalgaon,Red,Vegetables,996,401,748,640,22-Mar-19
Maharashtra,Nashik,Lasalgaon,Red,Vegetables,454,300,711,550,20-Mar-19
Maharashtra,Nashik,Lasalgaon,Red,Vegetables,332,301,691,540,19-Mar-19
Maharashtra,Nashik,Lasalgaon,Red,Vegetables,290,300,630,501,18-Mar-19
Maharashtra,Nashik,Lasalgaon,Red,Vegetables,77,300,710,551,16-Mar-19
Maharashtra,Nashik,Lasalgaon,Red,Vegetables,301,300,786,580,15-Mar-19
Maharashtra,Nashik,Lasalgaon,Red,Vegetables,2164,300,795,570,14-Mar-19
Maharashtra,Nashik,Lasalgaon,Red,Vegetables,2109,401,810,625,13-Mar-19
Maharashtra,Nashik,Lasalgaon,Red,Vegetables,2364,451,881,651,12-Mar-19
Maharashtra,Nashik,Lasalgaon,Red,Vegetables,71,400,855,651,11-Mar-19
Maharashtra,Nashik,Lasalgaon,Red,Vegetables,2475,300,731,615,08-Mar-19
Maharashtra,Nashik,Lasalgaon,Red,Vegetables,2772,401,670,575,07-Mar-19
Maharashtra,Nashik,Lasalgaon,Red,Vegetables,2261,400,649,550,05-Mar-19
Maharashtra,Nashik,Lasalgaon,Red,Vegetables,1097,300,567,425,02-Mar-19
Maharashtra,Nashik,Lasalgaon,Red,Vegetables,3396,251,600,401,01-Mar-19
Maharashtra,Nashik,Lasalgaon,Red,Vegetables,3611,251,625,410,28-Feb-19
Maharashtra,Nashik,Lasalgaon,Red,Vegetables,3242,200,613,400,27-Feb-19
Maharashtra,Nashik,Lasalgaon,Red,Vegetables,3034,200,547,370,26-Feb-19
Maharashtra,Nashik,Lasalgaon,Red,Vegetables,3566,251,551,380,25-Feb-19
Maharashtra,Nashik,Lasalgaon,Red,Vegetables,3601,251,597,380,22-Feb-19
Maharashtra,Nashik,Lasalgaon,Red,Vegetables,3296,251,620,401,21-Feb-19
Maharashtra,Nashik,Lasalgaon,Red,Vegetables,4098,272,589,400,20-Feb-19
Maharashtra,Nashik,Lasalgaon,Red,Vegetables,3564,301,680,430,18-Feb-19
Maharashtra,Nashik,Lasalgaon,Red,Vegetables,627,280,570,426,16-Feb-19
Maharashtra,Nashik,Lasalgaon,Red,Vegetables,3152,251,610,401,15-Feb-19
Maharashtra,Nashik,Lasalgaon,Red,Vegetables,3226,301,624,440,14-Feb-19
Maharashtra,Nashik,Lasalgaon,Red,Vegetables,3395,300,659,430,13-Feb-19
Maharashtra,Nashik,Lasalgaon,Red,Vegetables,2928,300,670,430,12-Feb-19
Maharashtra,Nashik,Lasalgaon,Red,Vegetables,2320,300,651,440,11-Feb-19
Maharashtra,Nashik,Lasalgaon,Red,Vegetables,2537,301,636,425,08-Feb-19
Maharashtra,Nashik,Lasalgaon,Red,Vegetables,2523,201,630,401,07-Feb-19
Maharashtra,Nashik,Lasalgaon,Red,Vegetables,2527,300,631,450,06-Feb-19
Maharashtra,Nashik,Lasalgaon,Red,Vegetables,2404,301,670,470,05-Feb-19
Maharashtra,Nashik,Lasalgaon,Red,Vegetables,18,251,602,480,02-Feb-19
Maharashtra,Nashik,Lasalgaon,Red,Vegetables,31,301,680,500,01-Feb-19
Maharashtra,Nashik,Lasalgaon,Red,Vegetables,17,300,678,470,31-Jan-19
Maharashtra,Nashik,Lasalgaon,Red,Vegetables,1931,300,700,450,30-Jan-19
Maharashtra,Nashik,Lasalgaon,Red,Vegetables,1335,300,704,480,29-Jan-19
Maharashtra,Nashik,Lasalgaon,Red,Vegetables,23,301,725,500,28-Jan-19
Maharashtra,Nashik,Lasalgaon,Red,Vegetables,1640,301,655,451,25-Jan-19
Maharashtra,Nashik,Lasalgaon,Red,Vegetables,39,301,734,525,23-Jan-19
Maharashtra,Nashik,Lasalgaon,Red,Vegetables,23,300,870,540,22-Jan-19
Maharashtra,Nashik,Lasalgaon,Red,Vegetables,2304,300,951,551,21-Jan-19
Maharashtra,Nashik,Lasalgaon,Red,Vegetables,551,301,768,480,19-Jan-19
Maharashtra,Nashik,Lasalgaon,Red,Vegetables,50,300,891,601,18-Jan-19
Maharashtra,Nashik,Lasalgaon,Red,Vegetables,96,300,876,580,14-Jan-19
Maharashtra,Nashik,Lasalgaon,Red,Vegetables,2399,301,851,600,11-Jan-19
Maharashtra,Nashik,Lasalgaon,Red,Vegetables,73,301,852,580,10-Jan-19
Maharashtra,Nashik,Lasalgaon,Red,Vegetables,2041,301,852,580,09-Jan-19
Maharashtra,Nashik,Lasalgaon,Red,Vegetables,2346,351,852,670,08-Jan-19
Maharashtra,Nashik,Lasalgaon,Red,Vegetables,2605,301,851,670,07-Jan-19
Maharashtra,Nashik,Lasalgaon,Red,Vegetables,114,41,878,725,04-Jan-19
Maharashtra,Nashik,Lasalgaon,Red,Vegetables,121,301,898,680,03-Jan-19
Maharashtra,Nashik,Lasalgaon,Red,Vegetables,159,351,901,701,02-Jan-19
Maharashtra,Nashik,Lasalgaon,Red,Vegetables,2329,301,967,861,01-Jan-19
Maharashtra,Nashik,Lasalgaon,Red,Vegetables,30,1200,2916,2575,31-Dec-20
Maharashtra,Nashik,Lasalgaon,Red,Vegetables,29,1153,2861,2550,30-Dec-20
Maharashtra,Nashik,Lasalgaon,Red,Vegetables,17,1000,2668,2400,29-Dec-20
Maharashtra,Nashik,Lasalgaon,Red,Vegetables,900,1000,2015,1750,28-Dec-20
Maharashtra,Nashik,Lasalgaon,Red,Vegetables,51,1000,2351,2050,26-Dec-20
Maharashtra,Nashik,Lasalgaon,Red,Vegetables,81,900,2445,2125,25-Dec-20
Maharashtra,Nashik,Lasalgaon,Red,Vegetables,91,900,2401,2150,24-Dec-20
Maharashtra,Nashik,Lasalgaon,Red,Vegetables,117,1201,2412,2050,23-Dec-20
Maharashtra,Nashik,Lasalgaon,Red,Vegetables,170,1200,2340,2150,22-Dec-20
Maharashtra,Nashik,Lasalgaon,Red,Vegetables,156,1000,1830,1750,21-Dec-20
Maharashtra,Nashik,Lasalgaon,Red,Vegetables,132,901,2235,1950,19-Dec-20
Maharashtra,Nashik,Lasalgaon,Red,Vegetables,208,1000,2700,1800,18-Dec-20
Maharashtra,Nashik,Lasalgaon,Red,Vegetables,365,1200,3151,2450,17-Dec-20
Maharashtra,Nashik,Lasalgaon,Red,Vegetables,484,1100,3201,2450,16-Dec-20
Maharashtra,Nashik,Lasalgaon,Red,Vegetables,390,1001,3270,2750,15-Dec-20
Maharashtra,Nashik,Lasalgaon,Red,Vegetables,256,1000,3415,3100,12-Dec-20
Maharashtra,Nashik,Lasalgaon,Red,Vegetables,744,900,3551,3000,11-Dec-20
Maharashtra,Nashik,Lasalgaon,Red,Vegetables,700,1500,3600,3100,10-Dec-20
Maharashtra,Nashik,Lasalgaon,Red,Vegetables,477,2000,3601,3100,09-Dec-20
Maharashtra,Nashik,Lasalgaon,Red,Vegetables,334,1000,3600,2500,07-Dec-20
Maharashtra,Nashik,Lasalgaon,Red,Vegetables,164,901,3395,2551,05-Dec-20
Maharashtra,Nashik,Lasalgaon,Red,Vegetables,351,1200,3190,2600,04-Dec-20
Maharashtra,Nashik,Lasalgaon,Red,Vegetables,294,1500,3851,2900,03-Dec-20
Maharashtra,Nashik,Lasalgaon,Red,Vegetables,265,1300,3900,3100,02-Dec-20
Maharashtra,Nashik,Lasalgaon,Red,Vegetables,317,1000,3600,2800,01-Dec-20
Maharashtra,Nashik,Lasalgaon,Red,Vegetables,132,1500,3225,2900,30-Nov-20
Maharashtra,Nashik,Lasalgaon,Red,Vegetables,134,1300,3390,2951,28-Nov-20
Maharashtra,Nashik,Lasalgaon,Red,Vegetables,258,1000,3900,3250,27-Nov-20
Maharashtra,Nashik,Lasalgaon,Red,Vegetables,1110,900,4500,3501,26-Nov-20
Maharashtra,Nashik,Lasalgaon,Red,Vegetables,110,2001,4900,4300,25-Nov-20
Maharashtra,Nashik,Lasalgaon,Red,Vegetables,77,1501,4899,3800,24-Nov-20
Maharashtra,Nashik,Lasalgaon,Red,Vegetables,80,951,5080,3800,23-Nov-20
Maharashtra,Nashik,Lasalgaon,Red,Vegetables,15,2600,5001,4100,21-Nov-20
Maharashtra,Nashik,Lasalgaon,Red,Vegetables,38,702,5107,4300,20-Nov-20
Maharashtra,Nashik,Lasalgaon,Red,Vegetables,18,2700,5101,4100,19-Nov-20
Maharashtra,Nashik,Lasalgaon,Red,Vegetables,17,1351,3900,3100,11-Nov-20
Maharashtra,Nashik,Lasalgaon,Red,Vegetables,23,1101,4011,2900,10-Nov-20
Maharashtra,Nashik,Lasalgaon,Red,Vegetables,10,2500,4300,3300,09-Nov-20
Maharashtra,Nashik,Lasalgaon,Red,Vegetables,10,1300,3640,2451,06-Nov-20
Maharashtra,Nashik,Lasalgaon,Red,Vegetables,15,1280,3712,3300,05-Nov-20
Maharashtra,Nashik,Lasalgaon,Red,Vegetables,22,1000,4201,3100,04-Nov-20
Maharashtra,Nashik,Lasalgaon,Red,Vegetables,8,1151,4000,3100,03-Nov-20
Maharashtra,Nashik,Lasalgaon,Red,Vegetables,26,1251,4700,4000,02-Nov-20
Maharashtra,Nashik,Lasalgaon,Red,Vegetables,9,3800,4300,4200,31-Oct-20
Maharashtra,Nashik,Lasalgaon,Red,Vegetables,2097,551,1190,960,09-Jun-20
Maharashtra,Nashik,Lasalgaon,Red,Vegetables,5,200,752,700,30-Apr-20
Maharashtra,Nashik,Lasalgaon,Red,Vegetables,97,400,872,775,18-Apr-20
Maharashtra,Nashik,Lasalgaon,Red,Vegetables,900,400,876,750,17-Apr-20
Maharashtra,Nashik,Lasalgaon,Red,Vegetables,1700,500,899,650,16-Apr-20
Maharashtra,Nashik,Lasalgaon,Red,Vegetables,708,400,980,800,07-Apr-20
Maharashtra,Nashik,Lasalgaon,Red,Vegetables,3179,700,1490,1301,30-Mar-20
Maharashtra,Nashik,Lasalgaon,Red,Vegetables,334,700,1752,1601,28-Mar-20
Maharashtra,Nashik,Lasalgaon,Red,Vegetables,68,660,1640,1451,27-Mar-20
Maharashtra,Nashik,Lasalgaon,Red,Vegetables,392,500,1526,1351,23-Mar-20
Maharashtra,Nashik,Lasalgaon,Red,Vegetables,329,650,1281,1051,21-Mar-20
Maharashtra,Nashik,Lasalgaon,Red,Vegetables,695,500,1360,1120,20-Mar-20
Maharashtra,Nashik,Lasalgaon,Red,Vegetables,2577,500,1307,1100,19-Mar-20
Maharashtra,Nashik,Lasalgaon,Red,Vegetables,2850,800,1315,1100,18-Mar-20
Maharashtra,Nashik,Lasalgaon,Red,Vegetables,1917,500,1586,1201,17-Mar-20
Maharashtra,Nashik,Lasalgaon,Red,Vegetables,390,900,1780,1350,16-Mar-20
Maharashtra,Nashik,Lasalgaon,Red,Vegetables,1011,1052,1999,1770,14-Mar-20
Maharashtra,Nashik,Lasalgaon,Red,Vegetables,850,500,1999,1750,12-Mar-20
Maharashtra,Nashik,Lasalgaon,Red,Vegetables,1260,761,1901,1750,11-Mar-20
Maharashtra,Nashik,Lasalgaon,Red,Vegetables,116,500,1961,1750,09-Mar-20
Maharashtra,Nashik,Lasalgaon,Red,Vegetables,47,700,1935,1790,07-Mar-20
Maharashtra,Nashik,Lasalgaon,Red,Vegetables,104,650,1930,1750,06-Mar-20
Maharashtra,Nashik,Lasalgaon,Red,Vegetables,82,500,1875,1610,05-Mar-20
Maharashtra,Nashik,Lasalgaon,Red,Vegetables,42,551,1735,1650,03-Mar-20
Maharashtra,Nashik,Lasalgaon,Red,Vegetables,334,500,1652,1452,02-Mar-20
Maharashtra,Nashik,Lasalgaon,Red,Vegetables,900,850,1982,1750,29-Feb-20
Maharashtra,Nashik,Lasalgaon,Red,Vegetables,2694,900,2125,1951,28-Feb-20
Maharashtra,Nashik,Lasalgaon,Red,Vegetables,2598,1000,2391,2001,27-Feb-20
Maharashtra,Nashik,Lasalgaon,Red,Vegetables,2555,901,2001,1750,25-Feb-20
Maharashtra,Nashik,Lasalgaon,Red,Vegetables,2504,1000,2111,1851,24-Feb-20
Maharashtra,Nashik,Lasalgaon,Red,Vegetables,1270,1000,2251,2000,22-Feb-20
Maharashtra,Nashik,Lasalgaon,Red,Vegetables,2761,950,2287,2025,20-Feb-20
Maharashtra,Nashik,Lasalgaon,Red,Vegetables,1208,1000,2240,2060,19-Feb-20
Maharashtra,Nashik,Lasalgaon,Red,Vegetables,2538,1100,2255,2050,18-Feb-20
Maharashtra,Nashik,Lasalgaon,Red,Vegetables,2293,1000,2255,2000,17-Feb-20
Maharashtra,Nashik,Lasalgaon,Red,Vegetables,749,900,2181,1940,15-Feb-20
Maharashtra,Nashik,Lasalgaon,Red,Vegetables,950,1000,2115,1850,14-Feb-20
Maharashtra,Nashik,Lasalgaon,Red,Vegetables,2058,1000,2140,1860,13-Feb-20
Maharashtra,Nashik,Lasalgaon,Red,Vegetables,2110,800,2200,1880,12-Feb-20
Maharashtra,Nashik,Lasalgaon,Red,Vegetables,2440,1000,2260,1850,11-Feb-20
Maharashtra,Nashik,Lasalgaon,Red,Vegetables,1081,1051,2350,2101,10-Feb-20
Maharashtra,Nashik,Lasalgaon,Red,Vegetables,448,800,1941,1780,08-Feb-20
Maharashtra,Nashik,Lasalgaon,Red,Vegetables,700,900,1902,1600,07-Feb-20
Maharashtra,Nashik,Lasalgaon,Red,Vegetables,2280,1000,2068,1740,06-Feb-20
Maharashtra,Nashik,Lasalgaon,Red,Vegetables,2748,1000,1999,1770,05-Feb-20
Maharashtra,Nashik,Lasalgaon,Red,Vegetables,2865,900,2152,1800,04-Feb-20
Maharashtra,Nashik,Lasalgaon,Red,Vegetables,2335,1100,2637,2250,03-Feb-20
Maharashtra,Nashik,Lasalgaon,Red,Vegetables,1196,1250,2847,2501,01-Feb-20
Maharashtra,Nashik,Lasalgaon,Red,Vegetables,2674,1200,2932,2600,31-Jan-20
Maharashtra,Nashik,Lasalgaon,Red,Vegetables,2216,1300,3026,2700,30-Jan-20
Maharashtra,Nashik,Lasalgaon,Red,Vegetables,1807,1100,2991,2750,29-Jan-20
Maharashtra,Nashik,Lasalgaon,Red,Vegetables,2390,1100,2990,2680,28-Jan-20
Maharashtra,Nashik,Lasalgaon,Red,Vegetables,2312,1500,2930,2500,27-Jan-20
Maharashtra,Nashik,Lasalgaon,Red,Vegetables,2640,1251,3815,3500,23-Jan-20
Maharashtra,Nashik,Lasalgaon,Red,Vegetables,2087,1300,4107,3700,22-Jan-20
Maharashtra,Nashik,Lasalgaon,Red,Vegetables,2097,1300,4223,3801,21-Jan-20
Maharashtra,Nashik,Lasalgaon,Red,Vegetables,2061,1301,4855,4051,20-Jan-20
Maharashtra,Nashik,Lasalgaon,Red,Vegetables,1000,1500,4000,3551,18-Jan-20
Maharashtra,Nashik,Lasalgaon,Red,Vegetables,2277,1200,3720,3451,17-Jan-20
Maharashtra,Nashik,Lasalgaon,Red,Vegetables,1784,1151,3900,3460,15-Jan-20
Maharashtra,Nashik,Lasalgaon,Red,Vegetables,2017,1200,3800,3351,14-Jan-20
Maharashtra,Nashik,Lasalgaon,Red,Vegetables,1100,1500,3195,2800,13-Jan-20
Maharashtra,Nashik,Lasalgaon,Red,Vegetables,2134,1000,3540,2700,10-Jan-20
Maharashtra,Nashik,Lasalgaon,Red,Vegetables,1780,1500,4342,3200,09-Jan-20
Maharashtra,Nashik,Lasalgaon,Red,Vegetables,1801,1200,4650,3651,08-Jan-20
Maharashtra,Nashik,Lasalgaon,Red,Vegetables,1629,1301,4752,4300,07-Jan-20
Maharashtra,Nashik,Lasalgaon,Red,Vegetables,945,1400,4575,4000,04-Jan-20
Maharashtra,Nashik,Lasalgaon,Red,Vegetables,2029,1200,4799,4251,03-Jan-20
Maharashtra,Nashik,Lasalgaon,Red,Vegetables,1789,1200,5031,4351,02-Jan-20
Maharashtra,Nashik,Lasalgaon,Red,Vegetables,1803,1051,4600,3801,01-Jan-20
Maharashtra,Nashik,Lasalgaon,Red,Vegetables,1892,800,2391,1850,31-Dec-21
Maharashtra,Nashik,Lasalgaon,Red,Vegetables,1875,700,2351,1901,30-Dec-21
Maharashtra,Nashik,Lasalgaon,Red,Vegetables,1830,600,2300,1851,29-Dec-21
Maharashtra,Nashik,Lasalgaon,Red,Vegetables,2174,600,2351,1880,28-Dec-21
Maharashtra,Nashik,Lasalgaon,Red,Vegetables,3003,800,2375,2025,27-Dec-21
Maharashtra,Nashik,Lasalgaon,Red,Vegetables,831,601,2252,2001,25-Dec-21
Maharashtra,Nashik,Lasalgaon,Red,Vegetables,1871,500,2234,2001,24-Dec-21
Maharashtra,Nashik,Lasalgaon,Red,Vegetables,1860,500,2380,2051,23-Dec-21
Maharashtra,Nashik,Lasalgaon,Red,Vegetables,2244,601,2260,1901,22-Dec-21
Maharashtra,Nashik,Lasalgaon,Red,Vegetables,2248,551,2412,2001,21-Dec-21
Maharashtra,Nashik,Lasalgaon,Red,Vegetables,2035,600,2391,1875,20-Dec-21
Maharashtra,Nashik,Lasalgaon,Red,Vegetables,2392,501,2201,1601,18-Dec-21
Maharashtra,Nashik,Lasalgaon,Red,Vegetables,2772,701,2599,1651,17-Dec-21
Maharashtra,Nashik,Lasalgaon,Red,Vegetables,2227,800,2801,1780,16-Dec-21
Maharashtra,Nashik,Lasalgaon,Red,Vegetables,1785,600,2800,2000,15-Dec-21
Maharashtra,Nashik,Lasalgaon,Red,Vegetables,1744,700,3001,2351,14-Dec-21
Maharashtra,Nashik,Lasalgaon,Red,Vegetables,1522,800,3100,2525,13-Dec-21
Maharashtra,Nashik,Lasalgaon,Red,Vegetables,820,851,3000,2500,11-Dec-21
Maharashtra,Nashik,Lasalgaon,Red,Vegetables,1019,800,3252,2600,10-Dec-21
Maharashtra,Nashik,Lasalgaon,Red,Vegetables,954,800,3201,2511,09-Dec-21
Maharashtra,Nashik,Lasalgaon,Red,Vegetables,1467,800,3100,2301,08-Dec-21
Maharashtra,Nashik,Lasalgaon,Red,Vegetables,2017,800,3425,2201,07-Dec-21
Maharashtra,Nashik,Lasalgaon,Red,Vegetables,2364,700,3500,2351,06-Dec-21
Maharashtra,Nashik,Lasalgaon,Red,Vegetables,643,700,3201,2100,04-Dec-21
Maharashtra,Nashik,Lasalgaon,Red,Vegetables,894,1100,3200,2400,03-Dec-21
Maharashtra,Nashik,Lasalgaon,Red,Vegetables,248,600,2970,2501,02-Dec-21
Maharashtra,Nashik,Lasalgaon,Red,Vegetables,929,800,3100,2201,01-Dec-21
Maharashtra,Nashik,Lasalgaon,Red,Vegetables,1557,800,3251,1851,30-Nov-21
Maharashtra,Nashik,Lasalgaon,Red,Vegetables,705,1000,3300,2500,29-Nov-21
Maharashtra,Nashik,Lasalgaon,Red,Vegetables,583,1000,2635,1901,27-Nov-21
Maharashtra,Nashik,Lasalgaon,Red,Vegetables,813,900,2325,1850,26-Nov-21
Maharashtra,Nashik,Lasalgaon,Red,Vegetables,470,1000,2881,2200,25-Nov-21
Maharashtra,Nashik,Lasalgaon,Red,Vegetables,693,1100,2852,2500,24-Nov-21
Maharashtra,Nashik,Lasalgaon,Red,Vegetables,779,900,2701,2212,23-Nov-21
Maharashtra,Nashik,Lasalgaon,Red,Vegetables,725,800,2700,2300,22-Nov-21
Maharashtra,Nashik,Lasalgaon,Red,Vegetables,439,751,2701,1660,20-Nov-21
Maharashtra,Nashik,Lasalgaon,Red,Vegetables,732,751,2500,2000,19-Nov-21
Maharashtra,Nashik,Lasalgaon,Red,Vegetables,802,800,2990,2301,18-Nov-21
Maharashtra,Nashik,Lasalgaon,Red,Vegetables,900,999,2551,2201,17-Nov-21
Maharashtra,Nashik,Lasalgaon,Red,Vegetables,776,600,2800,2020,16-Nov-21
Maharashtra,Nashik,Lasalgaon,Red,Vegetables,919,1000,2800,2000,15-Nov-21
Maharashtra,Nashik,Lasalgaon,Red,Vegetables,1006,1701,2201,1701,12-Nov-21
Maharashtra,Nashik,Lasalgaon,Red,Vegetables,1170,1212,2900,2500,11-Nov-21
Maharashtra,Nashik,Lasalgaon,Red,Vegetables,1124,1100,2799,2700,10-Nov-21
Maharashtra,Nashik,Lasalgaon,Red,Vegetables,890,2960,3102,2960,09-Nov-21
Maharashtra,Nashik,Lasalgaon,Red,Vegetables,1646,600,3052,2550,27-Oct-21
Maharashtra,Nashik,Lasalgaon,Red,Vegetables,1102,500,2100,1652,18-Oct-21
Maharashtra,Nashik,Lasalgaon,Red,Vegetables,685,852,2560,1900,16-Oct-21
Maharashtra,Nashik,Lasalgaon,Red,Vegetables,611,801,3101,1981,15-Oct-21
Maharashtra,Nashik,Lasalgaon,Red,Vegetables,1235,1851,1860,1860,14-Oct-21
Maharashtra,Nashik,Lasalgaon,Red,Vegetables,1456,1000,1890,1741,13-Oct-21
Maharashtra,Nashik,Lasalgaon,Red,Vegetables,1393,1500,2401,2012,12-Oct-21
Maharashtra,Nashik,Lasalgaon,Red,Vegetables,873,1525,2900,2701,09-Oct-21
Maharashtra,Nashik,Lasalgaon,Red,Vegetables,1157,1500,2751,1881,08-Oct-21
Maharashtra,Nashik,Lasalgaon,Red,Vegetables,933,1000,2452,2200,06-Oct-21
Maharashtra,Nashik,Lasalgaon,Red,Vegetables,1814,1000,2625,2401,05-Oct-21
Maharashtra,Nashik,Lasalgaon,Red,Vegetables,1546,1000,2600,2340,04-Oct-21
Maharashtra,Nashik,Lasalgaon,Red,Vegetables,1346,1560,1586,1570,01-Sep-21
Maharashtra,Nashik,Lasalgaon,Red,Vegetables,1158,601,1880,1751,13-Aug-21
Maharashtra,Nashik,Lasalgaon,Red,Vegetables,1410,600,1930,1625,03-Aug-21
Maharashtra,Nashik,Lasalgaon,Red,Vegetables,2175,400,1200,1000,12-May-21
Maharashtra,Nashik,Lasalgaon,Red,Vegetables,2218,400,1095,851,10-May-21
Maharashtra,Nashik,Lasalgaon,Red,Vegetables,1126,411,1000,850,08-May-21
Maharashtra,Nashik,Lasalgaon,Red,Vegetables,1848,400,941,800,07-May-21
Maharashtra,Nashik,Lasalgaon,Red,Vegetables,2253,400,925,760,06-May-21
Maharashtra,Nashik,Lasalgaon,Red,Vegetables,2825,300,1031,851,05-May-21
Maharashtra,Nashik,Lasalgaon,Red,Vegetables,2828,551,1140,1000,04-May-21
Maharashtra,Nashik,Lasalgaon,Red,Vegetables,2830,600,1191,1050,03-May-21
Maharashtra,Nashik,Lasalgaon,Red,Vegetables,1556,700,1281,1180,26-Apr-21
Maharashtra,Nashik,Lasalgaon,Red,Vegetables,1510,451,961,860,17-Apr-21
Maharashtra,Nashik,Lasalgaon,Red,Vegetables,2124,551,970,815,16-Apr-21
Maharashtra,Nashik,Lasalgaon,Red,Vegetables,2125,500,947,801,15-Apr-21
Maharashtra,Nashik,Lasalgaon,Red,Vegetables,2180,400,901,770,10-Apr-21
Maharashtra,Nashik,Lasalgaon,Red,Vegetables,2500,400,841,750,09-Apr-21
Maharashtra,Nashik,Lasalgaon,Red,Vegetables,2612,400,930,775,08-Apr-21
Maharashtra,Nashik,Lasalgaon,Red,Vegetables,2900,400,972,775,07-Apr-21
Maharashtra,Nashik,Lasalgaon,Red,Vegetables,3212,300,970,751,06-Apr-21
Maharashtra,Nashik,Lasalgaon,Red,Vegetables,3347,400,982,775,05-Apr-21
Maharashtra,Nashik,Lasalgaon,Red,Vegetables,2245,600,1103,901,03-Apr-21
Maharashtra,Nashik,Lasalgaon,Red,Vegetables,2245,600,1103,901,01-Apr-21
Maharashtra,Nashik,Lasalgaon,Red,Vegetables,3585,400,1040,900,26-Mar-21
Maharashtra,Nashik,Lasalgaon,Red,Vegetables,3106,400,1030,951,25-Mar-21
Maharashtra,Nashik,Lasalgaon,Red,Vegetables,3273,500,1091,925,24-Mar-21
Maharashtra,Nashik,Lasalgaon,Red,Vegetables,1820,500,992,800,23-Mar-21
Maharashtra,Nashik,Lasalgaon,Red,Vegetables,2590,400,1100,930,22-Mar-21
Maharashtra,Nashik,Lasalgaon,Red,Vegetables,1700,700,1390,1250,16-Mar-21
Maharashtra,Nashik,Lasalgaon,Red,Vegetables,1850,1000,1478,1370,15-Mar-21
Maharashtra,Nashik,Lasalgaon,Red,Vegetables,2708,651,1600,1351,12-Mar-21
Maharashtra,Nashik,Lasalgaon,Red,Vegetables,2690,501,1503,1180,10-Mar-21
Maharashtra,Nashik,Lasalgaon,Red,Vegetables,2443,601,1526,1201,09-Mar-21
Maharashtra,Nashik,Lasalgaon,Red,Vegetables,2257,501,1761,1601,08-Mar-21
Maharashtra,Nashik,Lasalgaon,Red,Vegetables,964,600,2052,1851,06-Mar-21
Maharashtra,Nashik,Lasalgaon,Red,Vegetables,1641,700,2112,1900,05-Mar-21
Maharashtra,Nashik,Lasalgaon,Red,Vegetables,1417,800,2445,2100,04-Mar-21
Maharashtra,Nashik,Lasalgaon,Red,Vegetables,1243,1200,2768,2551,03-Mar-21
Maharashtra,Nashik,Lasalgaon,Red,Vegetables,1239,1500,2754,2660,02-Mar-21
Maharashtra,Nashik,Lasalgaon,Red,Vegetables,1130,1000,2853,2640,01-Mar-21
Maharashtra,Nashik,Lasalgaon,Red,Vegetables,548,915,2922,2325,27-Feb-21
Maharashtra,Nashik,Lasalgaon,Red,Vegetables,1204,961,2880,2350,26-Feb-21
Maharashtra,Nashik,Lasalgaon,Red,Vegetables,1086,900,3481,2600,25-Feb-21
Maharashtra,Nashik,Lasalgaon,Red,Vegetables,1004,1101,4008,3200,24-Feb-21
Maharashtra,Nashik,Lasalgaon,Red,Vegetables,963,1101,4361,3601,23-Feb-21
Maharashtra,Nashik,Lasalgaon,Red,Vegetables,830,1200,4390,3950,22-Feb-21
Maharashtra,Nashik,Lasalgaon,Red,Vegetables,457,1301,4300,4000,20-Feb-21
Maharashtra,Nashik,Lasalgaon,Red,Vegetables,238,1452,4301,3900,19-Feb-21
Maharashtra,Nashik,Lasalgaon,Red,Vegetables,757,1200,4200,3870,18-Feb-21
Maharashtra,Nashik,Lasalgaon,Red,Vegetables,746,1500,4500,3801,17-Feb-21
Maharashtra,Nashik,Lasalgaon,Red,Vegetables,854,1012,3872,3500,15-Feb-21
Maharashtra,Nashik,Lasalgaon,Red,Vegetables,389,1200,4175,3470,13-Feb-21
Maharashtra,Nashik,Lasalgaon,Red,Vegetables,1208,1500,3861,3500,12-Feb-21
Maharashtra,Nashik,Lasalgaon,Red,Vegetables,1360,1001,3902,3551,10-Feb-21
Maharashtra,Nashik,Lasalgaon,Red,Vegetables,1378,1501,3800,3470,09-Feb-21
Maharashtra,Nashik,Lasalgaon,Red,Vegetables,560,1100,3471,3150,08-Feb-21
Maharashtra,Nashik,Lasalgaon,Red,Vegetables,464,1101,3130,2851,06-Feb-21
Maharashtra,Nashik,Lasalgaon,Red,Vegetables,450,1700,3470,3050,05-Feb-21
Maharashtra,Nashik,Lasalgaon,Red,Vegetables,1166,901,3601,3260,04-Feb-21
Maharashtra,Nashik,Lasalgaon,Red,Vegetables,1535,1000,3746,3351,03-Feb-21
Maharashtra,Nashik,Lasalgaon,Red,Vegetables,1823,1200,3751,3500,02-Feb-21
Maharashtra,Nashik,Lasalgaon,Red,Vegetables,840,1500,3661,3200,01-Feb-21
Maharashtra,Nashik,Lasalgaon,Red,Vegetables,490,1100,3260,2700,30-Jan-21
Maharashtra,Nashik,Lasalgaon,Red,Vegetables,2107,1300,3001,2550,29-Jan-21
Maharashtra,Nashik,Lasalgaon,Red,Vegetables,1979,800,3090,2701,28-Jan-21
Maharashtra,Nashik,Lasalgaon,Red,Vegetables,2236,920,3161,2651,27-Jan-21
Maharashtra,Nashik,Lasalgaon,Red,Vegetables,2462,900,3099,2500,25-Jan-21
Maharashtra,Nashik,Lasalgaon,Red,Vegetables,1109,1000,3068,2640,23-Jan-21
Maharashtra,Nashik,Lasalgaon,Red,Vegetables,1680,1100,2999,2500,22-Jan-21
Maharashtra,Nashik,Lasalgaon,Red,Vegetables,2164,1000,3156,2570,21-Jan-21
Maharashtra,Nashik,Lasalgaon,Red,Vegetables,2377,1000,3240,2600,20-Jan-21
Maharashtra,Nashik,Lasalgaon,Red,Vegetables,2078,1000,3298,2851,19-Jan-21
Maharashtra,Nashik,Lasalgaon,Red,Vegetables,1799,1081,3100,2770,18-Jan-21
Maharashtra,Nashik,Lasalgaon,Red,Vegetables,1026,900,3002,2620,16-Jan-21
Maharashtra,Nashik,Lasalgaon,Red,Vegetables,1900,1000,3061,2501,14-Jan-21
Maharashtra,Nashik,Lasalgaon,Red,Vegetables,1388,1500,3270,3000,11-Jan-21
Maharashtra,Nashik,Lasalgaon,Red,Vegetables,1380,900,2641,2550,06-Jan-21
Maharashtra,Nashik,Lasalgaon,Red,Vegetables,2157,1200,2835,2670,05-Jan-21
Maharashtra,Nashik,Lasalgaon,Red,Vegetables,22,1100,2851,2640,04-Jan-21
Maharashtra,Nashik,Lasalgaon,Red,Vegetables,10,911,2752,2350,02-Jan-21
Maharashtra,Nashik,Lasalgaon,Red,Vegetables,22,1000,2912,2350,01-Jan-21
